{"name": "Arroz, integral, cozido", "kcal": 123.5348925, "carbs": 25.80975, "protein": 2.58825 , "fats": 1.00033333333333}
{"name": "Arroz, tipo 1, cozido", "kcal": 128.258485666667, "carbs": 28.05985, "protein":2.52081666666667, "fats":0.227}
{"name": "Aveia, flocos, crua", "kcal":393.822689449275,"carbs": 66.6356405797102, "protein": 13.9210260869565,"fats": 8.49666666666667}
{"name": "Cereal matinal, milho","kcal":365.354163768116,"carbs":83.8242028985507, "protein": 7.15579710144928,"fats": 0.956666666666667}
{"name": "Pão, glúten, forma","kcal":252.99403,"carbs":44.119, "protein": 11.9509996000926,"fats": 2.72666666666667}
{"name": "Pão, milho, forma","kcal":292.01349,"carbs":56.397, "protein": 8.303,"fats": 3.11}
{"name": "Pão, trigo, forma, integral","kcal":253.193618333333,"carbs":49.9415, "protein": 9.42516666666667,"fats": 3.65333333333333}
{"name": "Alface, crespa, crua","kcal":10.6808565217392,"carbs":1.69550724637683, "protein": 1.34782608695652,"fats": 0.16}
{"name": "Alface, lisa, crua","kcal":13.8209014492753,"carbs":2.42826086956522, "protein": 1.68840579710145,"fats": 0.123333333333333}
{"name": "Batata, doce, cozida","kcal":76.7596105034352,"carbs":18.4223333333333, "protein": 0.641666666666667,"fats": 0.087666666666667}
{"name": "Batata, inglesa, cozida","kcal":51.5884766362707,"carbs":11.94375, "protein": 1.16458333333333,"fats": 0}
{"name": "Berinjela, cozida","kcal":18.8452855568131,"carbs":4.46825, "protein": 0.677083333333333,"fats": 0.148333333333333}
{"name": "Beterraba, cozida","kcal":32.1543243314028,"carbs":7.23491666666666, "protein": 1.29375,"fats": 0.092666666666667}
{"name": "Brócolis, cozido","kcal":24.6361631113688,"carbs":4.36666666666666, "protein": 2.13333333333333,"fats": 0.459}
{"name": "Cenoura, cozida","kcal":29.8617777101596,"carbs":6.68674999999999, "protein": 0.847916666666667,"fats": 0.218333333333333}
{"name": "Chuchu, cozido","kcal":18.539790531377,"carbs":4.79341666666667, "protein": 0.414583333333333,"fats": 0}
{"name": "Coentro, folhas desidratadas","kcal":309.070746804476,"carbs":47.955, "protein": 20.875,"fats": 10.3866666666667}
{"name": "Couve, manteiga, refogada","kcal":90.3448154261112,"carbs":8.70766666666667, "protein": 1.66666666666667,"fats": 6.594}
{"name": "Couve-flor, cozida","kcal":19.1141406147282,"carbs":3.87541666666668, "protein": 1.23958333333333,"fats": 0.269333333333333}
{"name": "Espinafre, Nova Zelândia, refogado","kcal":67.253651750664,"carbs":4.23858333333334, "protein": 2.71875,"fats": 5.43466666666667}
{"name": "Fécula, de mandioca","kcal":330.850558333333,"carbs":81.1491666666667, "protein": 0.520833333333333,"fats": 0.283333333333333}
{"name": "Mandioca, cozida","kcal":125.35825,"carbs":30.09, "protein": 0.575,"fats": 0.298333333333333}
{"name": "Mandioca, frita","kcal":300.05524338915,"carbs":50.2514166666667, "protein": 1.38125,"fats": 11.195}
{"name": "Nhoque, batata, cozido","kcal":180.775273993413,"carbs":36.78, "protein": 5.85833333333333,"fats": 1.94333333333333}
{"name": "Repolho, roxo, refogado","kcal":41.7735252897143,"carbs":7.56158333333333, "protein": 1.80208333333333,"fats": 1.24033333333333}
{"name": "Tomate, molho industrializado","kcal":38.4465494604906,"carbs":7.71166666666668, "protein": 1.375,"fats": 0.903333333333333}
{"name": "Tomate, salada","kcal":20.5469091666666,"carbs":5.11791666666666, "protein": 0.810416666666667,"fats": 0}
{"name": "Abacate, cru","kcal":96.1547086956522,"carbs":6.0308695652174, "protein": 1.23913043478261,"fats": 8.39666666666667}
{"name": "Abacaxi, cru","kcal":48.3222130434782,"carbs":12.3346376811594, "protein": 0.858695652173913,"fats":0.123333333333333}
{"name": "Açaí, polpa, com xarope de guaraná e glucose","kcal":110.29759,"carbs":21.4551666666667, "protein": 0.720833333333333,"fats": 3.66033333333333}
{"name": "Açaí, polpa, congelada","kcal":58.0453688728213,"carbs":6.20841666666667, "protein": 0.797916666666667,"fats": 3.94433333333333}
{"name": "Ameixa, calda, enlatada","kcal":182.84662,"carbs":46.8926666666667,"protein": 0.408333333333333,"fats": 0}
{"name": "Banana, maçã, crua","kcal":86.8053304347826,"carbs":22.3363768115942,"protein": 1.7536231884058,"fats": 0.06}
{"name": "Banana, nanica, crua","kcal":91.528847826087,"carbs":23.848115942029,"protein": 1.39855072463768,"fats": 0.116666666666667}
{"name": "Banana, ouro, crua","kcal":112.366047826087,"carbs":29.3414492753623,"protein": 1.48188405797101,"fats": 0.21}
{"name": "Banana, prata, crua","kcal":98.2497021739131,"carbs":25.956884057971,"protein": 1.26811594202899,"fats": 0.065}
{"name": "Caju, cru","kcal":43.0650685217391,"carbs":10.2889888405797,"protein": 0.971014492753623,"fats": 0.33}
{"name": "Cupuaçu, cru","kcal":49.4225587743719,"carbs":10.4335833333333,"protein": 1.16041666666667,"fats": 0.951333333333333}
{"name": "Laranja, lima, suco","kcal":39.3360939441324,"carbs":9.16741666666668,"protein": 0.714583333333333,"fats": 0.119333333333333}
{"name": "Laranja, pêra, suco","kcal":32.7097536231884,"carbs":7.55420289855072,"protein": 0.739130434782609,"fats": 0.073333333333333}
{"name": "Maçã, Argentina, com casca, crua","kcal":62.5318183662891,"carbs":16.588,"protein": 0.225,"fats": 0.246}
{"name": "Mamão, Papaia, cru","kcal":40.1567689422966,"carbs":10.43975,"protein": 0.45625,"fats": 0.124333333333333}
{"name": "Maracujá, suco concentrado, envasado","kcal":41.96732,"carbs":9.63599999999999,"protein": 0.766666666666667,"fats": 0.193333333333333}
{"name": "Morango, cru","kcal":30.1479173913044,"carbs":6.81840579710146,"protein": 0.894927536231884,"fats": 0.31}
{"name": "Uva, suco concentrado, envasado","kcal":57.65536,"carbs":14.708,"protein": 0,"fats": 0}
{"name": "Azeite, de dendê","kcal":884,"carbs":0,"protein": 0, "fats": 100}
{"name": "Azeite, de oliva, extra virgem","kcal":884,"carbs":0,"protein": 0, "fats": 100}
{"name": "Manteiga, sem sal","kcal":757.540460725997,"carbs":0,"protein": 0.395560007095337,"fats": 86.0393333333333}
{"name": "Óleo, de girassol","kcal":884,"carbs":0,"protein": 0,"fats": 100}
{"name": "Atum, fresco, cru","kcal":117.501,"carbs":0,"protein": 25.68,"fats": 0.87}
{"name": "Bacalhau, salgado, refogado","kcal":139.66070105354,"carbs":1.22416666666668,"protein": 23.9791666666667,"fats": 3.60666666666667}
{"name": "Cação, posta, com farinha de trigo, frita","kcal":208.332743725975,"carbs":3.10058333333333,"protein": 24.9520833333333,"fats": 9.95433333333333}
{"name": "Cação, posta, cozida","kcal":"116.014480687658","carbs":0,"protein": 25.5895833333333,"fats": 0.748}
{"name": "Pescada, branca, frita","kcal":223.039732369304,"carbs":0,"protein": 27.35625,"fats": 11.777}
{"name": "Pescada, filé, com farinha de trigo, frito","kcal":283.425214431961,"carbs":5.03325000000001,"protein": 21.4354166666667,"fats": 19.115}
{"name": "Pescada, filé, frito","kcal":154.270025,"carbs":0,"protein": 28.5875,"fats": 3.57}
{"name": "Salmão, sem pele, fresco, grelhado","kcal":242.706569487095,"carbs":0,"protein": 26.1416666666667,"fats": 14.5323333333333}
{"name": "Sardinha, assada","kcal":164.350788333333,"carbs":0,"protein": 32.1791666666667,"fats": 2.98733333333333}
{"name": "Sardinha, frita","kcal":257.0407,"carbs":0,"protein": 33.3833333333333,"fats": 12.6933333333333}
{"name": "Carne, bovina, acém, moído, cozido","kcal":212.4204,"carbs":0,"protein": 26.6866666666667,"fats": 10.9166666666667}
{"name": "Carne, bovina, acém, sem gordura, cozido","kcal":214.610566666667,"carbs":0,"protein": 27.27,"fats": 10.8833333333333}
{"name": "Carne, bovina, capa de contra-filé, sem gordura, grelhada","kcal":239.443633333333,"carbs":-0.006666666666675,"protein": 35.0633333333333,"fats": 9.95}
{"name": "Carne, bovina, contra-filé, à milanesa","kcal":351.592659198999,"carbs":12.1745,"protein": 20.6125,"fats": 23.998}
{"name": "Carne, bovina, contra-filé, sem gordura, grelhado","kcal":193.691566666667,"carbs":0,"protein": 35.8833333333333,"fats": 4.48666666666667}
{"name": "Carne, bovina, coxão duro, sem gordura, cozido","kcal":216.616066666667,"carbs":0,